question,answer,document
Какие требования устанавливаются к составу и содержанию документации по удалению затонувшего имущества?,-,-
Какие основные показатели оценки офертов на строительство производственных объектов указаны в ГОСТ МДС 80-3.2000?,-,-
Какая сумма привлеченных денежных средств считается особо крупным размером?,-,-
Какие трассы и сооружения должны быть показаны на схемах инженерных сетей и слаботочных линий согласно ГОСТ МДС 11-7.2000?,-,-
Что влечет наложение административного штрафа на должностных лиц за нарушение порядка предоставления обеспечения исполнения обязательств по оплате энергоресурсов?,-,-
Какие требования предъявляются к прочности закрепленных грунтов при однорастворной двухкомпонентной силикатизации на основе раствора силиката натрия и ортофосфорной кислоты согласно ГОСТ (к СНиП 3.02.01-83)?,-,-
"Какова цель технического обслуживания и текущего ремонта зданий и сооружений, согласно статье 55.24, раздел 8?",-,-
Что происходит с потерями бюджета в связи с получением средств ниже расчетного объема дотации?,-,-
Какое решение выносится по результатам рассмотрения материалов камеральной налоговой проверки?,-,-
"Подлежат ли вычету суммы акциза, исчисленные по истечении 180 календарных дней с даты выпуска товаров в Калининградской области?",-,-
"Что означает ""особыми условиями"" в контексте сдачи в аренду земельных участков и других обособленных природных объектов?",-,-
Какие основные положения генеральной схемы расселения учитываются на последующих стадиях градостроительного проектирования? (ГОСТ МДС 11-7.2000),-,-
Какие меры наказания за нарушение соглашения о недопущении конкуренции указаны в ГОСТ МДС 80-2.2000?,-,-
"Какие органы имеют право рассматривать дела об административных правонарушениях, предусмотренных статьей 15.12.1 КоАП РФ?",-,-
"Какие требования к стальным конструкциям установлены СНиП II-23-81*, изд. 1990 г.?",-,-
Какое максимальное число баллов по показателю 'цена' рекомендуется устанавливать согласно ГОСТ МДС 80-3.2000?,-,-
"Как производится усыновление ребенка иностранными гражданами или лицами без гражданства, состоящими в браке с гражданами Российской Федерации?",-,-
Что такое коллективный трудовой спор?,-,-
Какие процедуры могут предшествовать заключению трудового договора с руководителем организации?,-,-
"Как исчисляются ввозные таможенные пошлины, налоги, специальные, антидемпинговые, компенсационные пошлины при помещении продуктов переработки под таможенную процедуру выпуска для внутреннего потребления?",-,-
Что такое государственная собственность в Российской Федерации?,-,-
"Какие требования предъявляются к материалам утепления опорных контуров согласно ГОСТ 9573-82, ГОСТ 20916-87, ГОСТ 15588-86?",-,-
Кто одобрил Методические рекомендации по разработке технической части тендерной документации и оферты претендента?,-,-
"Что грозит за непредставление или несвоевременное представление сведений, предусмотренных антимонопольным законодательством Российской Федерации?",-,-
"Какие участки трубопроводов подлежат замене, согласно ГОСТ МДС 13-18.2000?",-,-
Какие правила и инструкции издает федеральный орган исполнительной власти в области рыболовства?,-,-
Какие примеры нематериальных активов приведены в тексте?,-,-
Как компенсируется ущерб Исполнителю в случае несвоевременной оплаты или необоснованного отказа от оплаты выполненных работ в ГОСТ МДС 11-11.2000?,-,-
Какие способы уплаты государственной пошлины предусмотрены согласно ГОСТ МДС 81-23.2000?,-,-
Какие данные об инвентарном номере и каталожном листе должны быть указаны в форме 5?,-,-
Что такое заключение под стражу?,-,-
"Как долго может длиться процедура отбора лучшего предложения, согласно ГОСТ МДС 11-11.2000?",-,-
Что происходит с патентной пошлиной после отзыва заявления об открытой лицензии?,-,-
Какие объекты могут быть оценены с помощью УПБС согласно СНиПу?,-,-
Какая площадь бетоносмесителей должна быть предусмотрена согласно ГОСТ МДС-80-8.2000?,-,-
Как определяются затраты на получение исходных данных и согласования по проектным решениям согласно МДС 81-30.2002?,-,-
Какие административные правонарушения относятся к категории нарушений законодательства об охране здоровья граждан?,-,-
Как согласно СНиП 3.01.03-84 устанавливаются анкерные блоки и закладные детали?,-,-
Какой телефон указан для бесплатной юридическая консультации в регионах России?,-,-
В каких условиях содержатся осужденные к аресту?,-,-
В каких случаях таможенный орган отказывает в выпуске товаров при предварительном декларировании?,-,-
Что такое процессуальное решение по определению статьи 33?,-,-
Что означает знак 5.22?,-,-
"Какие требования ГОСТ или СНиП регулируют проектирование кладбища площадью до 0,5 га?",-,-
Какие ГОСТы или СНиПы регламентируют расчет затрат на эксплуатацию строительных машин?,-,-
Какие требования МДС 14-13.2000 предъявляет к площади прочих помещений?,-,-
Какие преступления относятся к уголовным делам частного обвинения?,-,-
Что должно содержать пояснительная записка к схеме районной планировки? (ГОСТ МДС 11-7.2000),-,-
Какие министерства и ведомства утверждают ценники на медицинское оборудование согласно ГОСТ МДС 81-8.2000?,-,-
Какие разделы включены в проектные работы для трибун с подтрибунными помещениями согласно СНиП?,-,-
Какой метод следует использовать для измерения крена зданий и сооружений сложной геометрической формы в СНиП 3.01.03-84?,-,-
Какие операции включаются в управление остатками средств на едином счете бюджета территориального внебюджетного фонда?,-,-
Что включается в состав обосновывающих материалов к сводному расчету затрат российских организаций в смешанных ценах?,-,-
Какое определение выносит суд о замене ненадлежащего административного ответчика?,-,-
"Что происходит, если представляемый одобряет сделку, заключенную неуполномоченным лицом?",-,-
Как устанавливаются порядок и формы внесения авансовых платежей?,-,-
"Что происходит с правом применения тарифов страховых взносов, если организация не выполняет условия, установленные пунктом 12?",-,-
"Какие административные правонарушения рассматривает федеральный орган исполнительной власти, осуществляющий федеральный государственный карантинный фитосанитарный надзор, государственный надзор в области безопасного обращения с пестицидами и агрохимикатами и государственный земельный надзор (в отношении использования и охраны земель сельскохозяйственного назначения)?",-,-
Какой телефон доступен для бесплатной юридической консультации в регионах России?,-,-
Какие сведения должен содержать опросник согласно ГОСТ МДС 80-5.2000?,-,-
Кто утверждает форму заявления о включении в перечень организаций розничной торговли?,-,-
Какой порядок уведомления лица о проведении проверки таможенных документов и сведений после выпуска товаров?,-,-
"Какая стоимость содержания рабочих, занятых на выполнении строительно-монтажных работ, включая механизаторов, указана в смете № 4.1 согласно ГОСТ МДС 81-21.2000?",-,-
В какие сроки должны быть устранены нарушения и сообщено об этом в суд?,-,-
"В каких случаях трудовой договор прекращается, если невозможно перевести работника с его письменного согласия на другую имеющуюся у работодателя работу?",-,-
Кто должен направлять информацию о региональных и местных налогах в территориальные органы федерального органа исполнительной власти?,-,-
Какие требования к неравномерности естественного освещения приведены в ГОСТ МДС 31-8.2002?,-,-
Какое Положение о применении финансовых санкций Государственной жилищной инспекцией содержится в МДС 17-13.2000?,-,-
Какие объекты не могут быть построены в границах зон затопления и подтопления?,-,-
Что такое транспортное средство и какие виды транспортных средств существуют?,-,-
Какие особенности содержания дирекции при сооружении объектов за счет государственных централизованных капитальных вложений? (ГОСТ не указан),-,-
Какие исключения существуют для применения ГЭСН?,-,-
"Какие условные однотипные обозначения и краски должны применяться для изображения элементов, повторяющихся на различных чертежах, согласно ГОСТ МДС 11-7.2000?",-,-
Какие сроки давности привлечения к административной ответственности предусмотрены за нарушение законодательства о государственном регулировании деятельности по организации и проведению азартных игр?,-,-
Как формируется перечень внутренних водных путей?,-,-
Какие объекты органов государственной власти и управления исключаются из графиков временного отключения электрической энергии согласно ГОСТ МДС 13-19.2001?,-,-
Что входит в правовое регулирование трудовых отношений по подготовке и дополнительному профессиональному образованию работников?,-,-
Какие работы следует провести для влажной уборки помещения чердака согласно ГОСТ МДС 13-18.2000?,-,-
"Что означает возможность таможенного декларирования товаров, незаконно перемещенных через таможенную границу Союза?",-,-
Какие услуги включены в пункт 4 перечня продукции и услуг проектного института согласно ГОСТ МДС 11-11.2000?,-,-
"Какие действия должен предпринять специалист, если ему известно, что коллега недостаточно профессионально образован, ответственен и не имеет достаточных навыков и практического опыта для выполнения соответствующих функций, работ или услуг согласно ГОСТ?",-,-
Что допускается без согласия автора или иного правообладателя и без выплаты вознаграждения в целях создания пародий и карикатур?,-,-
Какие материалы используются для гидроизоляции полов рубероидом согласно СНиП?,-,-
Какой вид исправительного учреждения и режим должны быть определены подсудимому при назначении ему наказания в виде лишения свободы?,-,-
"Какие расходы по услугам, оказываемым Торгпредством Российской Федерации в стране пребывания, учитываются в период пребывания за границей?",-,-
Какие работы по смене ветхих венцов бревенчатых или брусчатых стен (до 20% общей поверхности стен) описаны в ГОСТ МДС 14-13.2000?,-,-
Какие действия может дознаватель обжаловать?,-,-
На какие территории разрабатывается региональная схема расселения? (ГОСТ МДС 11-7.2000),-,-
Какие расходы на питание работников учитывается при определении объекта налогообложения?,-,-
Какие виды технического обслуживания и ремонта предусмотрены для железнодорожных кранов?,-,-
"Какая ответственность возлагается на лицо, выпустившее бездокументарную ценную бумагу, и лицо, осуществляющее учет прав на такие ценные бумаги, за убытки, причиненные в результате нарушения порядка учета прав?",-,-
Какой индекс изменения стоимости СМР был в Кировской области в IV кв. 1992 г. по сравнению с базисным уровнем на 01.01.91 согласно МДС 81-9.2000?,-,-
Какой разряд зрительной работы установлен для помещений для работы с видеоматериалами согласно ГОСТ МДС 31-8.2002?,-,-
Какие показатели включены в информацию о канализации согласно ГОСТ МДС 11-7.2000?,-,-
Как расширяется набор основных и вспомогательных помещений в физкультурно-оздоровительных сооружениях согласно МДС 35-7.2000?,-,-
Какие меры принимаются для обеспечения контроля за использованием и сохранностью жилищного фонда?,-,-
Какие меры поощрения могут применять начальники отрядов?,-,-
"Когда подлежит исполнению обязанность по уплате ввозных таможенных пошлин, налогов при единовременной уплате?",-,-
"Какая номенклатура используется для составления сводного расчета затрат российских организаций в смешанных ценах, согласно ГОСТ МДС 81-21.2000?",-,-
Какие знаки предназначены для заложения в капитальные сооружения в Приложении 5 к СНиП 3.01.03-84?,-,-
Какие затраты учитываются при использовании метода оценки на основе сложения стоимости согласно статье 23?,-,-
На каких условиях товарищество собственников жилья может получить кредиты от банков?,-,-
"Как должна соответствовать номенклатура оборудования и видов работ, включаемая в сборники РСН, номенклатуре сборников расценок на монтаж оборудования (СНиП 4.06-91)?",-,-
Какие действия могут быть совершены бесплатно при государственной регистрации актов гражданского состояния для физических лиц?,-,-
Какие услуги включены в пункт 1 перечня продукции и услуг проектного института согласно ГОСТ МДС 11-11.2000?,-,-
"Какие документы необходимы для возмещения суммы акциза, уплаченной при вывозе подакцизных товаров за пределы территории Российской Федерации?",-,-
Что должно быть предусмотрено на площадке для детей от 2 до 4-5 лет согласно МДС 35-7.2000?,-,-
Что включает в себя лицензионный договор о предоставлении права использования произведения?,-,-
Какова максимальная из средних скоростей ветра по румбам за январь в г. Дружина согласно документу МДС 31-8.2002?,-,-
С какого момента начинаются сроки выпуска товаров при предварительном таможенном декларировании?,-,-
Какие коэффициенты применяются при демонтаже сборных железобетонных и бетонных конструкций?,-,-
Какие технические задания предусмотрены в Методических рекомендациях по определению сметной стоимости строительства на базе показателей на отдельные виды работ (ПВР) согласно ГОСТ МДС 81-10.2000?,-,-
"Как устраняются неплотности в резьбовых соединениях, согласно ГОСТ МДС 13-18.2000?",-,-
Какие меры следует принять для предотвращения увлажнения и промерзания цоколя согласно ГОСТ МДС 13-18.2000?,-,-
Какие размеры шкафчиков для хранения одежды должны быть в пределах досягаемости инвалидами согласно ГОСТ МДС 35-7.2000?,-,-
"Какие требования предъявляются к местным источникам отопления (печи, АГВ, ВНИИСТО и др.) согласно ГОСТ МДС 13-18.2000?",-,-
"Какие требования предъявляет ГОСТ к качеству железобетонных изделий, используемых в строительстве?",-,-
Какие действия предполагаются при устранении отдельных свищей в стенах проходных каналах и заделке отдельных выпадающих кирпичей согласно ГОСТ МДС 14-13.2000?,-,-
"Что означает передача товаров подрядчику (субподрядчику) или иному лицу, которые будут осуществлять строительные и (или) монтажные подрядные работы на территории свободного склада?",-,-
Какие методы уравнивания геодезических сетей существуют согласно СНиП 3.01.03-84?,-,-
Что такое код главного администратора доходов бюджета?,-,-
Как сравнивается сумма резерва по сомнительным долгам с суммой остатка резерва?,-,-
"Что происходит с юридическими лицами, созданными в результате реорганизации, если они недобросовестно способствовали принятию решения о реорганизации?",-,-
Какую ответственность несет саморегулируемая организация по обязательствам своих членов в рамках компенсационного фонда обеспечения договорных обязательств?,-,-
Какие значения указаны в столбце 'Остановочные пункты и павильоны' для обычных трамвайных линий в таблице 37 согласно СНиП?,-,-
Что определяет порядок укомплектования буксируемого объекта экипажем?,-,-
Что такое ответственные хранители и заемщики материальных ценностей?,-,-
Какое основание для проектирования должно быть указано в задании согласно ГОСТ МДС 11-7.2000?,-,-
"Какие сведения о местоположении, площади и границах территории комплексного развития должны быть включены в договор?",-,-
Что вправе совершать представитель иностранного государства от имени представляемого им иностранного государства?,-,-
"Какой документ должен быть утвержден при согласовании затрат российских организаций в смешанных ценах, согласно ГОСТ МДС 81-21.2000?",-,-
Можно ли применять территориальные единичные расценки других регионов на территории субъекта Российской Федерации?,-,-
Какие права переходят к страховщику при страховании имущества в полной стоимости?,-,-
Какова пеня за несвоевременное внесение платы за пользование водным объектом?,-,-
Какова минимальная высота гидроизоляции на фундаменте относительно уровня отмостки согласно СНиП 2.04.02-84?,-,-
Как определяются расходы на изготовление или приобретение материалов и расходы на производство?,-,-
Какие технологии геодезических выверок и контроля строительно-монтажных работ разрабатываются согласно СНиП 3.01.03-84?,-,-
Как определяется количество исходного раствора закрепляющего реагента для приготовления раствора рабочей концентрации согласно ГОСТ (к СНиП 3.02.01-83)?,-,-
Какие меры следует предпринять при недогреве или непрогреве отдельных отопительных приборов согласно СНиП 2.08.01-85?,-,-
"Какой штраф налагается на должностных лиц за непредставление информации для ведения реестра владельцев ценных бумаг хозяйственным обществом, имеющим стратегическое значение для оборонно-промышленного комплекса и безопасности Российской Федерации?",-,-
"Какие доходы по договорам займа, привлеченным для финансирования добычи углеводородного сырья, включаются в налоговую базу?",-,-
Что происходит с неправильно удержанными суммами за причиненный материальный ущерб?,-,-
Какие работы по земляному полотну подъездных и внутризаводских железнодорожных путей предусмотрены в ГОСТ МДС 14-13.2000?,-,-
Какие условия освобождают от уголовной ответственности за участие в подготовке террористического акта?,-,-
По состоянию на какую дату включены законодательные акты по налогообложению в пособие по учету налогов в сметной документации на строительство?,-,-
В какие сроки должно быть составлено мотивированное решение суда по делу о публичном мероприятии?,-,-
"Какие основные нормативные требования по использованию, содержанию и ремонту жилищного фонда приведены в МДС 17-13.2000?",-,-
"Какая сумма налогового вычета применяется, если организация реализует проекты по созданию новых производственных мощностей по переработке этана и сжиженных углеводородных газов?",-,-
В каких случаях разрабатываются ФЕРм на монтажные работы с применением импортных машин и материалов?,-,-
"Что означает, что семена и племенной материал не явно отличаются от охраняемых сортов или пород?",-,-
"Какие гарантии предоставляются работнику, усыновившему ребенка, в отношении отпусков?",-,-
Какие требования к диспетчерской связи с теплоснабжающей организацией должны быть указаны в технических условиях согласно СНиП?,-,-
Какой штраф предусмотрен за нарушение порядка рассмотрения жалоб на нарушение порядка предоставления государственной или муниципальной услуги?,-,-
Какие работы по герметизации швов предусмотрены в соответствии с ГОСТ МДС 13-18.2000?,-,-
Что регулирует Глава 24.1?,-,-
"В каких случаях таможенный орган не направляет уведомление о неуплаченных суммах таможенных пошлин, налогов?",-,-
Какие положения Кодекса применяются при приватизации государственного и муниципального имущества?,-,-
Что происходит при неисполнении обязанности по уплате налога?,-,-
"Какие дополнительные требования предъявляются к некоммерческой организации, если члены подают заявления о намерении принимать участие в заключении договоров подряда на подготовку проектной документации?",-,-
Какие образовательные программы могут быть реализованы без налогообложения?,-,-
В каких сферах коллективного управления может быть получена государственная аккредитация?,-,-
Какая площадь монтажа элементов (сборных) с/без зимней защиты должна быть предусмотрена согласно ГОСТ МДС-80-8.2000?,-,-
Какой разряд зрительной работы установлен для кабинетов обслуживающих видов труда согласно ГОСТ МДС 31-8.2002?,-,-
"Какое наказание предусмотрено за незаконные действия по усыновлению (удочерению) детей, передаче их под опеку (попечительство), на воспитание в приемные семьи, совершенные неоднократно или из корыстных побуждений?",-,-
Какие действия должны быть предприняты после установки реперов согласно СНиП 3.01.03-84?,-,-
Какие работы необходимо провести в тепловых сетях согласно ГОСТ МДС 13-18.2000?,-,-
"Можно ли изменить выбранный метод начисления амортизации? Если да, то с какой периодичностью?",-,-
"Что грозит за производство, хранение, перевозку или сбыт товаров и продукции, не отвечающих требованиям безопасности?",-,-
Какова цель настоящего Положения?,-,-
Какая площадь жилого городка (Подрядчик) и сколько персонала должно быть предусмотрено согласно ГОСТ МДС-80-8.2000?,-,-
Кто осуществляет снос самовольной постройки?,-,-
Что признаются однородными требованиями?,-,-
На каких условиях создается комиссия по совместной подготовке проектов?,-,-
"Какое наказание предусмотрено за нарушение требований пожарной безопасности, если это повлекло по неосторожности причинение тяжкого вреда здоровью человека?",-,-
Как определить стоимость единицы измерения материала в соответствии с Формой № 5?,-,-
Какие этапы разработки градостроительной документации предусмотрены ГОСТ МДС 11-7.2000?,-,-
"Какова эффективность рекламы, согласно ГОСТ МДС 11-11.2000?",-,-
Какая расчетная температура воздуха в помещениях для взрослых больных в больницах согласно ГОСТ МДС 31-8.2002?,-,-
"Что такое ""индикатор риска""?",-,-
Что такое счет неустановленных лиц и для каких организаций он предназначен?,-,-
Что такое инвестиционный налоговый вычет и как он влияет на уменьшение доходов от реализации объекта основных средств?,-,-
"Какой штраф грозит председателю или члену избирательной комиссии, комиссии референдума за нарушение установленного законом порядка подсчета голосов?",-,-
"Какие гарантии и льготы предоставляются лицам, воспитывающим детей без матери?",-,-
"Какое состояние должны иметь водосточные трубы и окрытия оголовков, парапетов и т.п. согласно ГОСТ МДС 13-18.2000?",-,-
Каковы лимиты на учетный период для суммированного учета рабочего времени?,-,-
По какому документу (СНиП 3.01.03-84) указываются места установки рабочих реперов?,-,-
Какое административное наказание предусмотрено за нарушение сроков обслуживания и погашения государственного (муниципального) долга?,-,-
Могут ли собственники установить взнос на капитальный ремонт выше минимального?,-,-
"Какие действия должен предпринять налоговый орган после принятия решения об отказе, приостановлении, возобновлении или аннулировании свидетельства?",-,-
Какие телефоны доступны для бесплатной юридической консультации в Москве и Московской области?,-,-
"Какие решения принимаются о подготовке и реализации бюджетных инвестиций в объекты государственной собственности Российской Федерации, находящиеся в оперативном управлении или хозяйственном ведении федеральных государственных учреждений стоимостью менее 3 миллиардов рублей?",-,-
Что происходит с пунктами 3.1 и 4 статьи 183?,-,-
Какие примеры расчета приведенных затрат приведены в разделе «Экономическая оценка» согласно ГОСТ МДС 80-3.2000?,-,-
Какой ГОСТ определяет стоимость 1 м² общей площади для культурно-бытового строительства?,-,-
Какие сведения подлежат указанию в декларации на товары в отношении сделки с товарами и ее условий?,-,-
Как определяется сметная стоимость ремонта основных средств?,-,-
Каков расход химически очищенной воды при испытании паровых котлов ДЕ-16-14ГМ по ГОСТ МДС 81-8.2000?,-,-
Какие права и ответственности разъясняются специалисту?,-,-
Какие ставки используются для определения платежей по процентам за кредиты банков?,-,-
"Что делать водителю, если документы о ДТП не могут быть оформлены без участия сотрудников полиции?",-,-
Какие данные должны содержаться в сводке объемов и стоимости подрядных работ согласно ГОСТ МДС 81-10.2000?,-,-
Какие меры наказания управляющего проекта за неудачное управление конкурентностью работников указаны в ГОСТ МДС 80-2.2000?,-,-
Какие показатели включены в информацию о жилых кварталах и микрорайонах согласно ГОСТ МДС 11-7.2000?,-,-
В какие сроки должен быть направлен запрос о подтверждении выполнения соглашения?,-,-
Какие размеры площадки для мини-волейбола указаны для детей 9 - 12 лет согласно ГОСТ МДС 35-7.2000?,-,-
Какие регионы освобождаются от уплаты налога на прибыль?,-,-
Какие основания существуют для отказа в открытии лицевого счета участнику казначейского сопровождения?,-,-
Какие нормы СНиП регулируют использование товарного раствора?,-,-
Какие сроки и процедуры заключения соглашений о недопущении конкуренции описаны в ГОСТ МДС 80-2.2000?,-,-
Какие меры рекомендованы для предотвращения попадания конденсата на перекрытия через стыки канализационных стояков согласно ГОСТ МДС 17-13.2000?,-,-
Что может требовать правообладатель в случае незаконного использования товарного знака?,-,-
Какие значения коэффициентов ψa и ψb приведены в таблице 8 согласно СНиП 3.01.03-84?,-,-
Какие телефонные номера доступны для бесплатной юридической консультации в регионах России?,-,-
Какие меры предусмотрены для ликвидации волосяных трещин в стенах согласно ГОСТ МДС 13-18.2000?,-,-
Какие рекомендации по расчету материальных затрат и прочих расходов даны в ГОСТ МДС 81-7.2000?,-,-
Какие лица не требуют членства в саморегулируемых организациях при выполнении работ по договорам строительного подряда с федеральными органами исполнительной власти?,-,-
Как переводится годовой объем капитальных вложений в цены 1984 г. согласно ГОСТ МДС 81-7.2000?,-,-
"Какой штраф может быть наложен на граждан за незаконное перемещение физическими лицами табачной продукции, не маркированной специальными (акцизными) марками?",-,-
Какие телефоны доступны для бесплатной юридической консультации в Москве и Московской области?,-,-
Какой ГОСТ регламентирует стоимость 1 м² общей площади?,-,-
"Что происходит с решениями иностранных судов, которые не требуют принудительного исполнения?",-,-
"В каких случаях законные представители могут передать земельные участки, наследуемые несовершеннолетними, в аренду?",-,-
В какие сроки должна быть представлена транзитная декларация при перевозке товаров автомобильным транспортом?,-,-
На каком сайте можно найти комментарии к статьям?,-,-
Как устанавливаются порядок и сроки внесения платы за подключение объектов капитального строительства?,-,-
Как определяется количество циркулирующего теплоносителя в случае самовольного присоединения по ГОСТ МДС 41-3.2000?,-,-
Как привязываются затраты на эксплуатацию строительных машин и определяются затраты на заработную плату машинистов согласно ГОСТ МДС 81-10.2000?,-,-
Какие требования предъявляются к столику штатива согласно СНиП 3.01.03-84?,-,-
На что не имеют права участники судебных прений?,-,-
Какой максимальный срок лишения свободы может быть назначен за нарушение требований по защите государственной тайны?,-,-
Что такое совместная собственность?,-,-
Как определяются подлежащие оплате количества потребленной тепловой энергии и использованного теплоносителя при неполном укомплектовании узла учета согласно ГОСТ?,-,-
На каком сайте можно найти комментарии к статьям Кодекса?,-,-
Можно ли применять разные налоговые ставки в зависимости от покупателя?,-,-
Кто может заключить договор безвозмездного пользования лесным участком?,-,-
Какие методы установки шпунтовых ограждений описаны в СНиП 3.02.01-83?,-,-
Какие меры следует предпринять при невыполнении мероприятий по качественной регулировке систем отопления и экономии расхода теплоты согласно ПН-5-17?,-,-
На основании каких сведений осуществляется постановка на учет иностранной организации через отделения некоммерческих неправительственных организаций?,-,-
"Какие условия должны соблюдаться при вселении граждан, постоянно проживающих с нанимателем?",-,-
Какова максимальная величина смещения теодолита с оси ряда колонн согласно СНиП 3.01.03-84?,-,-
Какие данные должны быть указаны в тендерной документации?,-,-
Кто разработал Пособие по производству геодезических работ в строительстве?,-,-
Какие телефоны доступны для бесплатной юридической консультации в Санкт-Петербурге и Ленинградской области?,-,-
"Что происходит, если налогоплательщик не уплатил или не полностью уплатил суммы, указанные в требовании об уплате налога и процентов?",-,-
"Какие переходные положения существуют для свободных складов, владельцы которых включены в реестр владельцев свободных складов до 1 мая 2010 г.?",-,-
Что такое зоны с особыми условиями использования земель?,-,-
Какие законодательные акты лежат в основе Рекомендаций? (ГОСТ),-,-
Какие операции по управлению остатками средств на едином счете местного бюджета включают привлечение средств?,-,-
Как определяется разряд и подразряд зрительных работ для помещений торговых залов магазинов согласно ГОСТ МДС 31-8.2002?,-,-
Какие товары Союза могут быть использованы при переработке иностранных товаров?,-,-
"Какие данные могут быть использованы для определения коэффициентов для пусконаладочных работ, если отсутствуют сметы во внутренних (базисных) ценах Российской Федерации, согласно ГОСТ МДС 81-21.2000?",-,-
Какая средняя температура за июль в Вендинге согласно ГОСТ МДС 31-8.2002?,-,-
Какие требования к оценке результатов конкурентности работников указаны в ГОСТ МДС 80-2.2000?,-,-
Какие административные правонарушения имеют срок давности привлечения к ответственности два месяца?,-,-
Какие проверки должны проводиться в процессе строительства сооружений кабельной канализации согласно СНиП 3.01.03-84?,-,-
Какие законы регулируют установление транспортного налога?,-,-
"Как долго должен работодатель ждать перед тем, как принять окончательное решение об увольнении?",-,-
По каким основаниям судья оставляет без движения административное искове заявление о признании нормативного правового акта недействующим?,-,-
Какой законодательный акт регулирует порядок уплаты налога на добавленную стоимость (НДС) согласно ГОСТ МДС 81-23.2000?,-,-
Какие нормы накладных расходов учитываются? (ГОСТ МДС 81-8.2000),-,-
Какая информация должна быть включена в единую государственную автоматизированную информационную систему учета древесины и сделок с ней?,-,-
Какие координаты центра тяжести фигуры используются в примере согласно СНиП 3.01.03-84?,-,-
"Кто составляет акт о морском протесте, и какие данные используются для его составления?",-,-
"Какой метод учета изменений уровня цен может предлагаться оферентом, согласно ГОСТ МДС 80-3.2000?",-,-
Какой ГОСТ или СНиП определяет методы разработки УПБС на основе ресурсной технологической модели?,-,-
Какие подотраслевые индексы существуют?,-,-
Какова цель дублирования при подготовке оперативных руководителей и персонала? (МДС 15-13.2000),-,-
Что не допускается при нарушении отделочного слоя согласно СНиП III-21-73* 1981?,-,-
"Какие изменения внесены в Закон ""Об акцизах"" в статье 1?",-,-
Какой штраф грозит должностным лицам за воспрепятствование осуществлению права на свободу совести и свободу вероисповедания?,-,-
"Какие затраты, связанные с командированием работников подрядных организаций на стройки при обязанности российской организации относятся на объемы работ, выполняемые российскими организациями (ГОСТ)?",-,-
Какие обосновывающие документы требуются для расчета затрат на приобретение малоценного и хозяйственного инвентаря согласно ГОСТ МДС 81-7.2000?,-,-
Когда вступает в силу решение об аннулировании свидетельства?,-,-
"Какие исключения существуют для домов и дворцов культуры, расположенных в городах, районных центрах, поселках городского типа?",-,-
Какой индекс в прогнозном уровне указан для монтажных работ в 1994 году для объектов производственного назначения?,-,-
Какие разделы могут входить в техническую часть тендерной документации согласно ГОСТ МДС-80-8.2000?,-,-
Как выполняются приконьковые продухи согласно ГОСТ МДС 13-18.2000?,-,-
Как назначаются контрольные и дополнительные рабочие скважины в ходе работ (ГОСТ 3.02.01-83)?,-,-
Какая дата считается датой осуществления внереализационных и прочих расходов для расходов на содержание служебного транспорта?,-,-
Какие объекты налогообложения исключаются из налогооблагаемой базы для налога на пользователей автомобильных дорог согласно ГОСТ МДС 81-23.2000?,-,-
"При каких условиях суд устанавливает факты, имеющие юридическое значение?",-,-
Какие земли муниципальной собственности упоминаются в ГОСТ МДС 11-7.2000?,-,-
Сколько опорных точек должно быть передано на монтажные горизонты согласно СНиП 3.01.03-84?,-,-
Что такое перенос убытков на будущее?,-,-
Может ли правообладатель распоряжаться исключительным правом на произведение?,-,-
Какие элементы должны быть показаны на схемах современного использования территории и схемах комплексной оценки территории для городов с расчетной численностью населения 250 - 500 тысяч человек согласно ГОСТ МДС 11-7.2000?,-,-
Какие отраслевые положения применяются при эксплуатации железнодорожных путей общего пользования согласно ГОСТ МДС 14-13.2000?,-,-
"Какое наказание предусмотрено за сокрытие информации, совершенное лицом, занимающим государственную должность?",-,-
"Что происходит, если вред причинен в период действия концессионного соглашения?",-,-
Какие копии лицензий должны быть представлены при необходимости?,-,-
Какие действия необходимо предпринять при выпадении отдельных камней или кирпичей из кладки цоколя согласно ГОСТ МДС 13-18.2000?,-,-
В какие сроки уполномоченный орган должен направить проект договора аренды иным правообладателям?,-,-
В каких случаях защитник участвует в уголовном деле с момента начала процессуальных действий?,-,-
"Почему важно не обещать больше, чем можно сделать, согласно ГОСТ МДС 11-11.2000?",-,-
Какие общесоюзные ценники на пусконаладочные работы перечислены в Приложении 1 к МДС 81-8.2000?,-,-
Какое максимальное количество баллов можно получить за показатель «Использование местных материалов» согласно ГОСТ МДС 80-3.2000?,-,-
Какие сведения должны содержаться в определении по делу о выдаче исполнительного листа на принудительное исполнение решения третейского суда?,-,-
При каких условиях объявляются торги несостоявшимися?,-,-
Кому направляются копии постановления судьи?,-,-
Каковы требования к коагулянту (кремнефтористо-водородная кислота) при однорастворной двухкомпонентной силикатизации по СНиП 3.02.01-83?,-,-
"В каких случаях доходы, полученные физическими лицами за оказание услуг для личных, домашних и (или) иных подобных нужд, освобождаются от налогообложения?",-,-
"Что происходит с средствами финансовой поддержки, если условия их получения нарушены?",-,-
Какие требования к устойчивости фонарей к температурным перепадам установлены ГОСТ МДС 31-8.2002?,-,-
Какие права имеет прокурор в пределах своих полномочий?,-,-
Должны ли быть едиными индексы пересчета от цен 2000 г. в текущие цены для ТЕРм и ФЕРм?,-,-
Что является основанием для проведения предварительного слушания согласно части второй статьи 229?,-,-
Какие единые нормативы отчислений в бюджеты муниципальных районов могут быть установлены законом субъекта РФ?,-,-
"Когда был принят Указ Президиума Верховного Совета СССР ""О внесении дополнений в Кодекс торгового мореплавания Союза ССР""?",-,-
Какие требования к разработке чертежей архитектурно-строительной части зданий и сооружений указаны в ГОСТ МДС-80-8.2000?,-,-
Какие цены могут быть приняты за базисный уровень стоимости согласно СНиПу?,-,-
Какие действия должен предпринять исполнитель для приобретения прав на результат интеллектуальной деятельности?,-,-
Какие элементы должны быть показаны на схеме современного использования и комплексной оценки территории в концепции генерального плана согласно ГОСТ МДС 11-7.2000?,-,-
Что влечет наложение административного штрафа на граждан за нарушение правил найма жилого помещения жилищного фонда социального использования?,-,-
"Какие ограничения могут быть установлены в границах зон с особыми условиями использования территории, если они не предусмотрены федеральным законом?",-,-
Может ли банк использовать имеющиеся на счете денежные средства?,-,-
Какие данные о материалах-представителях содержатся в форме № 4 согласно ГОСТ Р 54501-2011?,-,-
"Как определяется право собственности и иные вещные права на судно, подлежащее государственной регистрации?",-,-
Как назначается и освобождается от должности главный государственный инспектор труда Российской Федерации?,-,-
На каком сайте можно найти комментарии к статьям?,-,-
"Для каких целей применяются реагенты, описанные в Приложении 16 к ГОСТ (к СНиП 3.02.01-83)?",-,-
Какое определение дается аэропорту федерального значения?,-,-
Какие основные критерии используются для рассмотрения заявок претендентов в ГОСТ МДС 80-5.2000?,-,-
Можно ли начать строительство или реконструкцию объекта капитального строительства без выполнения инженерных изысканий?,-,-
Какие требования предъявляются к поставщикам промышленной продукции согласно ГОСТ МДС 81-9.2000?,-,-
Когда был принят Семейный кодекс Российской Федерации?,-,-
"Какие требования предъявляются к проектированию, строительству, реконструкции, вводу в эксплуатацию и эксплуатации зданий, строений, сооружений для рекреационных целей?",-,-
Что такое площадь стоянки для транспортных средств согласно определению в тексте?,-,-
"Что происходит, если организация не представит повторное уведомление об освобождении от исполнения обязанностей налогоплательщика?",-,-
Какие единицы измерения могут использоваться в Форме № 3-св согласно ГОСТ?,-,-
Какова продолжительность периода со среднесуточной температурой воздуха < 8 °C в г. Джарджан согласно документу МДС 31-8.2002?,-,-
Какие критерии оценки эффективности деятельности органов государственной власти субъектов Российской Федерации по осуществлению переданных полномочий устанавливаются?,-,-
Что такое конкурентность в контексте ГОСТ МДС 80-2.2000?,-,-
Какие исходные данные необходимы для разработки годового плана технического обслуживания и ремонта кранов?,-,-
Какие данные должны быть указаны в договоре теплоснабжения при установке узла учета не на границе эксплуатационной ответственности?,-,-
"Что делать, если сведения, подлежащие представлению, не содержатся в представленных перевозчиком документах?",-,-
Кто имеет право вводить режим особых условий?,-,-
Какие лазерные приборы используются для определения прямолинейности и высотного положения рельсов согласно СНиП 3.01.03-84?,-,-
Какие сведения должен предоставить страхователь при заключении договора страхования?,-,-
Что влечет иное нарушение требований к порядку ведения реестра владельцев ценных бумаг?,-,-
"Когда проценты, начисленные налоговым органом, подлежат уплате налогоплательщику без заявления?",-,-
Может ли срок защиты прав превышать срок действия исключительного права правообладателя?,-,-
В каких случаях принимается решение о внесении изменений в предварительное решение о происхождении товара?,-,-
"Что происходит, если в производстве арбитражного суда, суда общей юрисдикции, третейского суда имеется дело по спору между теми же лицами, о том же предмете и по тем же основаниям?",-,-
Какая форма используется для составления локальной сметы по ГОСТ МДС 81-8.2000?,-,-
Какие условия и порядок возмещения ущерба должны быть определены в соглашении о проведении реконструкции?,-,-
Какие полномочия имеют федеральные органы исполнительной власти в области охраны труда?,-,-
Как отказывается от судебного иммунитета международной организации?,-,-
Как предотвращаются перегрузки строительных конструкций согласно МДС 14-13.2000?,-,-
Какие административные правонарушения могут рассматриваться руководителем подразделения центрального аппарата Министерства внутренних дел Российской Федерации по вопросам миграции и его заместителями?,-,-
Как определяется стоимость материалов-представителей в текущем уровне цен согласно ГОСТ МДС 81-10.2000?,-,-
Какие характеристики оборудования для цементации грунтов описаны в Приложении 20 к ГОСТ (к СНиП 3.02.01-83)?,-,-
Как обеспечивается соизмеримость наборов ресурсов и показателей затрат согласно ГОСТ?,-,-
Какие предприятия и учреждения охватываются рекомендациями?,-,-
Какие нормокомплекты геодезических приборов и приспособлений указываются в ППГР согласно СНиП 3.01.03-84?,-,-
"Как определяется облагаемый оборот для строительных, строительно-монтажных и ремонтно-строительных организаций по ГОСТ МДС 81-23.2000?",-,-
"Когда признаются доходы в виде положительной переоценки стоимости драгоценных металлов и требований, выраженных в драгоценных металлах?",-,-
Какие районы Амурской области входят в перечень районов Крайнего Севера согласно ГЭСН-2001?,-,-
"В каких случаях правила, установленные главой о морской перевозке груза, не применяются?",-,-
"Какие условия должны быть соблюдены при помещении иностранных товаров, помещенных под таможенную процедуру временного ввоза (допуска), под таможенную процедуру таможенного транзита согласно статье 306?",-,-
"Что грозит за внесение пожертвований в крупных размерах в избирательный фонд, фонд референдума через подставных лиц?",-,-
"Что происходит, если значение коэффициента КНДД меньше единицы?",-,-
Какова температура при промывке систем отопления соляной кислотой с ингибитором АКХ-ИФХАН по МДС 13-18.2000?,-,-
"Какие питающие линии электроснабжения, обеспечивающие системы пожарной безопасности, исключаются из графиков временного отключения электрической энергии согласно ГОСТ МДС 13-19.2001?",-,-
Какой размер пошлины установлен за внесение изменений в решение о выдаче визы?,-,-
Когда доводятся показатели бюджетной росписи по расходам и лимитов бюджетных обязательств?,-,-
Какой ГОСТ или СНиП регламентирует расчет затрат труда на строительной площадке?,-,-
Кто выполняет функции заказчика-застройщика по заключению подрядных и других договоров? (ГОСТ не указан),-,-
Могут ли учреждения участвовать в хозяйственных обществах?,-,-
Каков размер штрафа для должностных лиц по статье 16.6?,-,-
"Какую информацию о претенденте следует указывать в форме 'Наименование организации, фирмы, консорциума' согласно ГОСТ МДС 80-5.2000?",-,-
"Что происходит, если соглашение явилось основанием для выдачи свидетельства о регистрации лица, совершающего операции по переработке сжиженных углеводородных газов?",-,-
Какие требования предъявляются к устройству ограждения площадки строительства в подготовительных работах согласно таблице 9 ГОСТ МДС-80-8.2000?,-,-
"Какие административные правонарушения рассматривают органы, указанные в статье 23.30, в части нарушения установленного порядка предоставления обеспечения исполнения обязательств по оплате тепловой энергии?",-,-
"Что происходит с определениями, не указанными в части 1 статьи 313?",-,-
Какие требования предъявляются к поверхностям площадок согласно МДС 35-7.2000?,-,-
Как рассчитывается коэффициент для показателя «Предусматриваемые в офертах затраты труда местных рабочих» согласно ГОСТ МДС 80-3.2000?,-,-
Какова производительность установки получения элементарной серы методом Клауса согласно ГОСТу МДС 81-8.2000?,-,-
"Какие требования безопасности приведены в документе, регламентированном ГОСТ МДС 31-8.2002, при проектировании и устройстве фонарей?",-,-
Какие промерзания стен и повышенный влаго- и воздухо- проницаемость стыков относятся к категории А согласно ГОСТ МДС 17-13.2000?,-,-
Что влечет наложение административного штрафа на должностных лиц за предоставление заведомо ложных сведений о цели пребывания иностранных граждан?,-,-
В какой срок должностное лицо должно сообщить в суд о исполнении приговора?,-,-
Какие условия необходимы для обеспечения равного доступа к информации о спросе и предложении на проектную продукцию согласно ГОСТ МДС 80-2.2000?,-,-
Какие нормы регулируют изменение и расторжение договора аренды лесного участка?,-,-
Почему никто не вправе извлекать преимущество из своего незаконного или недобросовестного поведения?,-,-
Какие критерии используются для оценки доказательств?,-,-
Какова правомочность общего собрания членов жилищного кооператива?,-,-
Какие категории инвалидов могут заниматься в зале для общей физической подготовки согласно МДС 35-7.2000?,-,-
В каком случае применяется метод оценки на основе вычитания стоимости согласно статье 22?,-,-
Какие способы крепления и герметизации элементов светопропускающего заполнения фонарей должны обеспечивать независимость их температурных деформаций от несущих элементов согласно ГОСТ МДС 31-8.2002?,-,-
Какой стандарт (ГОСТ) регламентирует площадь гранитной брусчатки?,-,-
"Как устанавливается порядок определения рыночной цены ценных бумаг, расчетной цены ценных бумаг, а также предельной границы колебаний рыночной цены?",-,-
"Какая доля ресурсов в группе составляет 44,02% для раствора товарного?",-,-
"Что делать в тех регионах страны, в которых отсутствуют утвержденные в установленном порядке сборники ТЕРм?",-,-
Какое место расположения объекта должно быть указано в техническом задании согласно СНиП 3.01.03-84?,-,-
"Какое наказание предусмотрено за незаконные добычу и оборот особо ценных диких животных и водных биологических ресурсов, совершенные лицом с использованием своего служебного положения?",-,-
Какие действия должен выполнить обслуживающий персонал согласно ГОСТ МДС 13-18.2000 при получении сигнала об аварийной обстановке?,-,-
Какие классы материалов представлены в Приложении 5 согласно ГОСТ?,-,-
Какие элементы должны быть включены в договор на разработку градостроительной документации?,-,-
Должны ли обеспечительные меры быть соразмерны заявленному требованию?,-,-
Какие действия допускаются общедоступными библиотеками и архивами при условии отсутствия цели извлечения прибыли?,-,-
Что грозит за транспортировку древесины без оформленного сопроводительного документа для должностных лиц?,-,-
Какие соглашения об освобождении перевозчика от ответственности или уменьшении пределов его ответственности могут быть заключены по статье 175?,-,-
Какие действия предпринимаются при обнаружении неправильных показаний коммерческих средств и систем измерения согласно ГОСТ?,-,-
Какие документы подтверждают осуществление прав по ценным бумагам и налоговое резидентство физического лица?,-,-
Какие права имеет потерпевший по делу об административном правонарушении?,-,-
Какой код материала-представителя используется для укладки стильных труб с устройством компенсаторов согласно ГОСТ?,-,-
Как оформляется решение о принудительном исполнении?,-,-
Какие материалы могут быть списаны на основе ГЭСН?,-,-
Как утеплить окна без наплава согласно ГОСТ МДС 13-18.2000?,-,-
Какие требования к кровлям установлены СНиП II-26-76?,-,-
Какой минимальный объем бюджетных ассигнований должен быть предусмотрен для Федерального дорожного фонда?,-,-
Какие условия должны быть соблюдены для временного вывоза транспортных средств с территории СЭЗ на остальную часть таможенной территории Союза?,-,-
В какие сроки рассматривает представленный протокол заказчик согласно Методическим рекомендациям по процедуре подрядных торгов?,-,-
Как формируются средние базисные цены по унифицированному перечню материальных ресурсов согласно ГОСТ?,-,-
"Какие права имеют лица на ознакомление и уточнение информации, собранной таможенными органами?",-,-
Кто может установить дополнительные основания и условия предоставления отсрочки и рассрочки по уплате региональных и местных налогов?,-,-
Какие виды работ включают использование сборных бетонных блоков согласно ГОСТ?,-,-
"Какие условия должны быть соблюдены для участников региональных инвестиционных проектов, чтобы продолжать применение пониженных налоговых ставок?",-,-
"Какие данные должны быть указаны в реестре перевозочных документов, оформляемых при перевозках товаров, порожнего железнодорожного подвижного состава или контейнеров железнодорожным транспортом?",-,-
Какие телефоны доступны для бесплатной юридической консультации в Санкт-Петербурге и Ленинградской области?,-,-
"Какое решение принимается, если оспариваемый ненормативный правовой акт, решение и действия (бездействие) не соответствуют закону?",-,-
"Какие действия выполняет суд кассационной инстанции при извещении лиц, участвующих в деле, о передаче кассационных жалобы, представления?",-,-
Какая степень осушки газа должна быть указана согласно ГОСТ МДС-80-8.2000?,-,-
Какие министерства и ведомства утверждают ценники на технологическое оборудование предприятий легкой промышленности согласно ГОСТ МДС 81-8.2000?,-,-
Какие категории инвалидов могут заниматься игрой мяч через шнур согласно МДС 35-7.2000?,-,-
Какие характеристики точек подключения временных сетей указаны в ГОСТ МДС-80-8.2000?,-,-
Какие действия допускаются до вступления международных договоров в силу при перемещении товаров трубопроводным транспортом или по линиям электропередачи?,-,-
Какие меры принимаются при нарушениях стыков плит коробов и шахт согласно ГОСТ МДС 13-18.2000?,-,-
"Какие требования предъявляет ГОСТ МДС 17-13.2000 к протечкам кровельного покрытия (металлического, рулонного, безрулонного, мастичного, шиферного, черепичного)?",-,-
Какие проекты бюджетных смет предложены законодательными (представительными) органами?,-,-
Какие нормативные правовые акты регулируют организацию и осуществление государственного строительного надзора?,-,-
"Как исчисляются ввозные таможенные пошлины, налоги, специальные, антидемпинговые, компенсационные пошлины в случае помещения товаров под таможенные процедуры?",-,-
Какие требования к согласованию проектной документации с надзорными органами указаны в ГОСТ МДС-80-8.2000?,-,-
"Что происходит, если поданное заявление не соответствует требованиям частей пятой и шестой статьи 318?",-,-
Какие требования предъявляются к благоустройству и озеленению территории согласно ГОСТ МДС 11-7.2000?,-,-
Какие данные о лесных декларациях должны быть представлены в системе?,-,-
Что входит в обсуждение с работодателем вопросов о работе организации?,-,-
Сколько касок должно быть у строительно-монтажного треста согласно Приложению 6 к СНиП 3.01.03-84?,-,-
На каком сайте можно найти комментарии к статьям Налогового кодекса РФ?,-,-
Какие требования предъявляются к описанию видов работ в разделе ведомостей физических объемов работ согласно ГОСТ МДС-80-8.2000?,-,-
"Какие действия предпринимаются, если уведомление не соответствует установленным параметрам?",-,-
Что такое мошенничество при получении выплат согласно статье 159.2 УК РФ?,-,-
Как определяется плановое положение подземных сетей на застроенной территории согласно СНиП 3.01.03-84?,-,-
Как устанавливается порядок организации работ и распределение средств в ГОСТ МДС 11-11.2000?,-,-
Какие виды ремонта должен выполнять отправитель плотов?,-,-
Что означает знак 5.15.6?,-,-
Как проводится закрепление грунтов способом газовой силикатизации?,-,-
"Какие меры принуждения могут быть применены к лицам, нарушающим порядок в судебном заседании?",-,-
Какие обязанности могут быть незаконно возложены на заявителя?,-,-
Какие данные необходимы для определения потребности в воде и газе для коммунально-бытовых и промышленных нужд согласно ГОСТ МДС 11-7.2000?,-,-
Какие объекты проектирования указаны в таблице 4 согласно СНиП?,-,-
"Какие иные объекты, территории и зоны отображаются на картах?",-,-
Какие права имеет юридическое лицо на доступ к материалам дела?,-,-
Какой методический подход к оценке оферт установлен в ГОСТ МДС 80-3.2000?,-,-
"Что влечет нарушение порядка и (или) сроков передачи налогоплательщиками сведений о произведенных расчетах при реализации товаров (работ, услуг, имущественных прав)?",-,-
Какие средства должны быть в портах для защиты окружающей среды?,-,-
Какие работы необходимо провести для ревизии и ремонта насосов согласно МДС 13-18.2000?,-,-
Как устанавливается минимальный размер взноса на капитальный ремонт?,-,-
Из каких источников формируются бюджетные ассигнования дорожного фонда субъекта Российской Федерации?,-,-
Что подразумевается под возвращенным жертвователю денежным эквивалентом недвижимого имущества и ценных бумаг?,-,-
Какие обосновывающие документы требуются для расчета командировочных расходов согласно ГОСТ МДС 81-7.2000?,-,-
Как корректируются показатели затрат труда пусконаладочного персонала?,-,-
Какова процедура назначения членов предварительной квалификационной комиссии согласно ГОСТ МДС 80-5.2000?,-,-
Какие требования предъявляются к работе стеклоочистителей?,-,-
Какие ГОСТы или СНиПы определяют составление сметной документации в текущих ценах?,-,-
Что происходит в случае нарушения требований к инвестиционному соглашению?,-,-
Какая форма используется для предоставления информации о выплатах из средств компенсационного фонда?,-,-
Какова сметная стоимость стекла матового полированного витринного по ГОСТ МДС 81-10.2000?,-,-
Какие документы подтверждают полномочия ответственного участника?,-,-
"Какие штрафы предусмотрены для должностных лиц за нарушения, предусмотренные частью 1 статьи 6.34?",-,-
Какие требования предъявляет ПН-5-95 к состоянию дымоходов и вентиляционных каналов?,-,-
"Как определяется методика расчета стоимости строительства в валюте страны строительства в разделе 4 документа, регламентированного ГОСТом МДС 81-21.2000?",-,-
"На какой основе осуществляются перевозки грузов, пассажиров и их багажа, буксировка судов и плавучих объектов, погрузка и выгрузка грузов, оказание услуг в речных портах?",-,-
Какие коэффициенты применяются к базовой цене проектирования театров для двух или более трупп согласно СНиП?,-,-
Кто осуществляет государственное регулирование деятельности в области государственной авиации?,-,-
"Как можно подать исковое заявление, заявление, жалобу, представление и иные документы в арбитражный суд?",-,-
Какие организации разработали этот документ? (ГОСТ),-,-
"В какие сроки лицо, лишенное специального права, должно сдать документы?",-,-
В каких условиях применяется метод триангуляции согласно СНиП 3.01.03-84?,-,-
"Какие значения для панели зданий до 3,5 м указаны в графиках относительных погрешностей согласно СНиП 3.01.03-84?",-,-
Какие обязанности управляющего проектом описаны в ГОСТ МДС 80-2.2000?,-,-
Какие действия должен выполнить ответственный за безопасную эксплуатацию котельной согласно ГОСТ МДС 13-18.2000?,-,-
Какие органы исполнительной власти субъектов Российской Федерации осуществляют региональный государственный надзор в области технического состояния самоходных машин и других видов техники?,-,-
Как уплачиваются взносы на капитальный ремонт собственниками нежилых помещений?,-,-
Какие показатели электроснабжения и электрооборудования указаны для фабрики массовой печати кинофильмов мощностью 150 млн. м пленки в год согласно СНиП?,-,-
"Какие объекты относятся к объектам, указанным в пункте 5.1 статьи 6 настоящего Кодекса?",-,-
"Какие страны, кроме Афганистана, упоминаются в тексте?",-,-
Какой коэффициент-дефлятор применяется к налоговой ставке на антрацит?,-,-
Что такое хранение вещей с обезличением по статье 890 ГК РФ?,-,-
Какие расходы включаются в подпункте 1 пункта 1 статьи 44?,-,-
На какие транспортные средства устанавливаются проблесковые маячки желтого или оранжевого цвета?,-,-
"В каких случаях протокол об административном правонарушении не составляется, а постановление выносится без участия лица, в отношении которого возбуждено дело?",-,-
"Кто принимает окончательное решение в случае разногласий между заказчиком проекта, генпроектировщиком объекта и органами, выдающими технические условия и участвующими в согласовании задания?",-,-
Каковы коэффициенты к минимальной заработной плате для нарушений категории «Б» согласно ГОСТ МДС 17-13.2000?,-,-
Кто обязан представлять подлинники решений и протокола общего собрания в орган государственного жилищного надзора?,-,-
"Какие должностные лица уполномочены рассматривать дела об административных правонарушениях, предусмотренных статьями 19.25, 21.1 - 21.7 настоящего Кодекса?",-,-
Какие инструментальные проверки проводятся при приемке трубопроводов и сооружений водоснабжения и канализации согласно СНиП 3.01.03-84?,-,-
Как интерпретировать шифр таблиц ФЕРм?,-,-
Какие телефоны доступны для бесплатной юридической консультации в Санкт-Петербурге и Ленинградской области?,-,-
На какие территории разрабатывается проект районной планировки согласно ГОСТ МДС 11-7.2000?,-,-
Какие транспортно-экспедиционные услуги освобождаются от налогообложения?,-,-
За сколько времени до срока представления оферт должно быть произведено объявление о торгах?,-,-
"Кто обязан страховать транспортное средство и (или) страховать ответственность за ущерб, который может быть причинен им или в связи с его эксплуатацией, если такое страхование является обязательным?",-,-
Какие работы и затраты не включаются в сводный расчет стоимости строительства?,-,-
Каков размер административного штрафа для юридических лиц за нарушение процесса функционирования единой системы идентификации и аутентификации?,-,-
Какие действия может предпринять суд в предварительном заседании?,-,-
Какие требования предъявляются к монтажу оборудования и подводящим коммуникациям согласно ГОСТ (к СНиП 3.02.01-83)?,-,-
Какие работы не включены в состав пусконаладочных работ согласно ГОСТу МДС 81-8.2000?,-,-
Какие данные должны быть указаны в итоговой строке формы протокола согласования затрат российских организаций в смешанных ценах согласно ГОСТу МДС 81-21.2000?,-,-
Как указывается наименование и количество единиц измерения мощности объекта в Форме № 3-в согласно ГОСТ?,-,-
В каких случаях оспаривание займа по безденежности не допускается?,-,-
"Как определяется размер возмещения при приведении параметров зданий, сооружений в соответствие с установленными требованиями?",-,-
"Какой штраф предусмотрен за допуск к управлению транспортным средством водителя, не имеющего российского национального водительского удостоверения?",-,-
Какие методы используются для уполаживания берегов водных объектов?,-,-
Какова производительность установки осушки природного газа (однопоточная) согласно ГОСТу МДС 81-8.2000?,-,-
Какие долговые обязательства субъекта Российской Федерации могут быть среднесрочными?,-,-
Когда начинается рассмотрение евразийской заявки на изобретение?,-,-
Какие регионы относятся к районам Крайнего Севера в Мурманской области?,-,-
Что запрещено водителю после ДТП?,-,-
Какое решение может быть принято по результатам рассмотрения материалов проверки?,-,-
Какие ГОСТы или СНиПы регламентируют применение вычислительной техники при составлении сметной документации?,-,-
В каких случаях суд может взыскать алименты в твердой денежной сумме?,-,-
Какие объекты проектирования указаны в главе 4 согласно СНиП?,-,-
Кто составляет проекты бюджетов государственных внебюджетных фондов Российской Федерации?,-,-
Какие работы включает в себя возобновление защитного слоя в железобетонных конструкциях каналов и камер согласно ГОСТ МДС 14-13.2000?,-,-
Какие телефоны доступны для бесплатной юридической консультации в Москве и Московской области?,-,-
На каком сайте можно найти комментарии к статьям?,-,-
Какие требования к устойчивости фонарей к воздействию радиационных факторов предъявляет ГОСТ МДС 31-8.2002?,-,-
Какие требования предъявляются к растворам-крепителям при силикатизации и смолизации грунтов согласно ГОСТ (к СНиП 3.02.01-83)?,-,-
"Какие основные задачи Государственной жилищной инспекции по контролю за использованием, содержанием и ремонтом жилищного фонда приведены в МДС 17-13.2000?",-,-
Что такое единая методология бюджетного учета и бюджетной отчетности?,-,-
Кто выполняет распоряжения диспетчерских органов о отключении электрической энергии?,-,-
"Какие преимущества имеют средства индивидуализации, исключительное право на которые возникло ранее?",-,-
В каких случаях государственная пошлина не уплачивается при пересылке свидетельств и документов в соответствии с международными договорами?,-,-
Как вносятся сведения о характеристиках древесины в государственный лесной реестр?,-,-
Какие работы выполняются с повышенными требованиями к качеству и классу точности?,-,-
Какие положения МДС 81-3.99 следует учитывать при определении стоимости затрат на эксплуатацию строительных машин и механизмов?,-,-
Что включает техническая приемка перед монтажом конструкций фонарей согласно ГОСТ МДС 31-8.2002?,-,-
Какие документы регулируют оптовые цены на оборудование?,-,-
Какие виды грантов не подлежат налогообложению?,-,-
Является ли ассоциация (союз) собственником своего имущества?,-,-
Какие единицы измерения рекомендуются для разработки УПБС согласно ГОСТу?,-,-
Что такое постоянное местонахождение иностранной организации?,-,-
"Что влечет наложение административного штрафа на должностных лиц за нарушение правил эксплуатации, неиспользование сооружений, оборудования или аппаратуры для очистки газов и контроля выбросов вредных веществ в атмосферный воздух?",-,-
"Что такое мониторинг, основанный на добровольном участии контролируемых лиц?",-,-
При каких условиях выгодоприобретатель принимает обязательства по договору морского страхования?,-,-
Какое наименование должно быть присвоено выпуску проектной документации?,-,-
Как определяется геометрический КЕО в расчетной точке по ГОСТ МДС 31-8.2002?,-,-
Препятствует ли прекращение производства обращению других лиц?,-,-
"В каких случаях судебные расходы, понесенные судом, взыскиваются с административного ответчика?",-,-
Какова цель документа МДС 41-3.2000?,-,-
"Как определяется рыночная стоимость земельного участка, если разрешенное использование изменено для строительства объектов федерального значения?",-,-
На каком сайте можно найти комментарии к статьям Налогового кодекса РФ?,-,-
"Как можно снизить вязкость растворов силиката при радиусах закрепления 0,7 м и более (ГОСТ 3.02.01-83)?",-,-
Какие дополнительные выплаты стимулирующего характера учитываются в расчетах согласно ГОСТ МДС 81-7.2000?,-,-
Какие данные о гранулометрическом составе грунтов необходимы для проектирования инъекционного химзакрепления согласно СНиП 3.02.01-83?,-,-
Какая средняя температура за июль в Печоре согласно ГОСТ МДС 31-8.2002?,-,-
Какая специальная информационная дорожка должна предусматриваться в зале для специальной физической подготовки инвалидов согласно ГОСТ МДС 35-7.2000?,-,-
"Какова важность правильного реагирования на запросы заказчиков, согласно ГОСТ МДС 11-11.2000?",-,-
Какова роль канатного моста (элемент 3) в проекте площадки с зоной водных игр согласно ГОСТ МДС 35-7.2000?,-,-
"Какова ответственность за нарушение правил использования на территории Российской Федерации спутниковых сетей связи, находящихся под юрисдикцией иностранных государств, для должностных лиц?",-,-
Как определяется базовая цена проектирования объединенных или сблокированных зданий научно-исследовательских учреждений согласно СНиП?,-,-
"Какие статьи КоАП рассматривают судьи, если дело возбуждено инспектором Счетной палаты Российской Федерации, согласно пункту 1.1 статьи 23.1?",-,-
Кто должен подписывать диагностическую карту крана согласно ТИПОВЫМ НОРМАМ?,-,-
Какие полномочия имеют законные представители?,-,-
Когда считается дата подачи заявки на товарный знак?,-,-
"Какие действия следует предпринять при обнаружении осадочных трещин согласно ТП-70 С., СНиП II-22-81, СНиП 2.03.01-84*?",-,-
Какое заключение должен дать эксперт?,-,-
Какой СНиП документа указан в методических рекомендациях по разработке сборников ресурсных сметных норм на монтаж оборудования?,-,-
Какие требования к увеличению пропускной способности существующей сети и производительности подогревательной и насосной установок должны быть указаны в технических условиях согласно СНиП?,-,-
Какие требования предъявляются к технической документации на узел учета?,-,-
Какой ГОСТ или СНиП определяет методику расчета сметной прибыли?,-,-
Какие организации могут разрабатывать и применять собственные РСН на монтируемое ими оборудование согласно МДС 81-13.2000?,-,-
"Каков максимальный срок наказания по совокупности приговоров, если оно менее строгое, чем лишение свободы?",-,-
Какие лицензии должны иметь инженерно-консультационные организации?,-,-
Что влечет наложение административного штрафа по статье 16.8?,-,-
Какой минимальный уровень расчетных налоговых доходов должен быть установлен?,-,-
Какие формулы используются для вычисления центральных координат точек базисной фигуры согласно СНиП 3.01.03-84?,-,-
Какая дата указывается в постановлении о досрочном прекращении исполнения административного наказания?,-,-
Какие работы по усилению стропильных ног предусмотрены в соответствии с ГОСТ МДС 14-13.2000?,-,-
Какие отходы приобретают статус иностранных товаров?,-,-
Какие действия может совершать представитель в арбитражном суде?,-,-
Какие сроки давности привлечения к административной ответственности должны быть учтены?,-,-
Какие документы регулируют порядок исчисления налогов на пользователей автомобильных дорог согласно ГОСТ МДС 81-23.2000?,-,-
Как проводится предварительное судебное заседание?,-,-
"Какие данные используются для определения средств на обеспечение периода гарантийной эксплуатации, согласно ГОСТ МДС 81-21.2000?",-,-
Как определяется коэффициент теплоотдачи ограждения согласно ГОСТ МДС 31-8.2002?,-,-
Какой СНиП определяет стоимость строительства в уровне цен I кв. 1993 г.?,-,-
Как определяется подрядные торги в ГОСТ МДС-80-8.2000?,-,-
Как подсудимый может быть удален из зала заседания?,-,-
Какие коэффициенты применяются для изготовления макетов в разных масштабах? (СНиП),-,-
Каков индекс текущего уровня цен для прочих работ и затрат в II квартале 1993 года?,-,-
"Какова основная задача генеральной схемы расселения, природопользования и территориальной организации производительных сил Российской Федерации, согласно ГОСТ МДС 11-7.2000?",-,-
Какие нормы ГОСТ или СНиП применяются к теплоснабжению при проектировании троллейбусного депо?,-,-
Как определяется прогнозный индекс к сметной стоимости в Форме № 3-в согласно ГОСТ?,-,-
Какой индекс изменения стоимости СМР был в Читинской области в I кв. 1993 г. по сравнению с базисным уровнем на 01.01.91 согласно МДС 81-9.2000?,-,-
Как перечисляется плата за нормативные и сверхнормативные выбросы и сбросы согласно ГОСТ МДС 81-23.2000?,-,-
"Как изменяются максимальные суммы банковских гарантий для банков, у которых утвержден план по предупреждению банкротства?",-,-
"Какое напряжение считается высоким напряжением, согласно СНиП?",-,-
"Что означает ""посягательство на жизнь сотрудника правоохранительного органа""?",-,-
Какие решения должны быть заранее продуманы для эффективного использования строительных механизмов согласно ГОСТ МДС 14-13.2000?,-,-
Кто назначает и освобождает начальника управления (отдела) капитального строительства предприятия? (СНиП),-,-
Как определяется точность выноса в натуру линий при использовании способа прямоугольных координат согласно СНиП 3.01.03-84?,-,-
Какая сумма государственной пошлины установлена за выдачу удостоверения эксперта по культурным ценностям?,-,-
"Что происходит, если соответствующей статьей Особенной части УК РФ предусмотрены смертная казнь или пожизненное лишение свободы, согласно статье 65 УК РФ?",-,-
Какие требования к протяженности улично-дорожной сети установлены в ГОСТ МДС 11-7.2000?,-,-
"Что происходит, если выручка за реализуемые товары поступает на счета нескольких организаций?",-,-
Что понимается под работой для целей налогообложения?,-,-
"Каков размер штрафа за представление заведомо недостоверных сведений, предусмотренных законодательством об иностранных инвестициях на территории Российской Федерации?",-,-
Какие требования предъявляются к проверке узла учета комиссией?,-,-
По истечении какого срока действие соглашения о сохранении занятости прекращается?,-,-
"Какие статьи КоАП рассматривают органы, осуществляющие государственный надзор в области охраны и использования особо охраняемых природных территорий, в части нарушения водоохранного режима на водосборах подземных водных объектов?",-,-
Какой срок отсрочки или рассрочки уплаты ввозных таможенных пошлин может быть предоставлен?,-,-
"Какие условия должны быть соблюдены для участников региональных инвестиционных проектов, для которых не требуется включение в реестр участников региональных инвестиционных проектов?",-,-
В каких случаях допускается предусматривать совмещенное освещение согласно ГОСТ МДС 31-8.2002?,-,-
"Когда уплачиваются акцизы для налогоплательщиков, имеющих свидетельство о регистрации для операций с прямогонным бензином?",-,-
Как определяется стоимость проектирования свайных фундаментов? (СНиП),-,-
Какие права управляющего проектом предусмотрены в МДС 11-11.2000?,-,-
Какие дополнительные сведения должны быть указаны в судебном приказе о взыскании алиментов?,-,-
Как утепляются канализационные стояки согласно ГОСТ МДС 13-18.2000?,-,-
В какие сроки должно быть уведомление об одностороннем отказе от договора аренды земельного участка?,-,-
Как может осуществляться разработка проектно-сметной документации на капитальный ремонт сложных объектов согласно ГОСТ МДС 14-13.2000?,-,-
"Что означает ""запреты и ограничения"" в статье 143?",-,-
"Какой размер штрафа предусмотрен для лиц, осуществляющих предпринимательскую деятельность без образования юридического лица, за невыполнение правил поведения при чрезвычайной ситуации или угрозе ее возникновения?",-,-
Какие ключевые термины и определения приведены в разделе 'Общие положения' ГОСТ МДС 81-13.2000?,-,-
Как заказчик-застройщик проверяет цены и предъявленные к оплате документы подрядных организаций в соответствии с СНиП?,-,-
Какие требования к сокращенному объему проектной документации предъявляет ГОСТ?,-,-
"Какие исключения предусмотрены ГОСТ МДС 81-8.2000 для финансирования пусконаладочных работ в детских учреждениях, школах и домах-интернатах?",-,-
Какой разряд зрительной работы установлен для лестничных клеток согласно ГОСТ МДС 31-8.2002?,-,-
Что такое субсидии на оплату жилого помещения и коммунальных услуг?,-,-
Какая высота борта ванны зависит от волн согласно ГОСТ МДС 35-7.2000?,-,-
Может ли законодательство государств-членов устанавливать иные основания для исключения таможенного перевозчика из реестра?,-,-
"Какие документы необходимы для подтверждения права на имущественный налоговый вычет при приобретении прав на квартиру, комнату или долю в строящемся доме?",-,-
Как определяются правомочия доверительного управляющего по распоряжению ценными бумагами?,-,-
Какие данные о совместном применении указываются в указаниях по применению?,-,-
Какая основная заработная плата указана в таблице 1 согласно ГОСТ?,-,-
Какие машины могут учитываться в расчете затрат на эксплуатацию?,-,-
Какие данные необходимы для расчета коэффициента пересчета сметной стоимости работ по монтажу оборудования согласно Форме № 4?,-,-
В какие сроки должны быть выданы или направлены решения о предоставлении жилых помещений по договорам социального найма?,-,-
Какие виды профессиональной тайны упоминаются в тексте?,-,-
Какие меры предписаны ГОСТ МДС 17-13.2000 при протекании канализационной сети?,-,-
Какие типы оборудования перечислены в Приложении 19 к ГОСТ (к СНиП 3.02.01-83) для силикатизации и смолизации грунтов?,-,-
Какие требования предъявляются к разработке альтернативного варианта оферты согласно ГОСТ МДС-80-8.2000?,-,-
В каких случаях срок пребывания руководителя научной организации в должности может быть продлен?,-,-
Кто такие экспертные организации?,-,-
Как федеральный орган исполнительной власти уведомляет организацию о результате взаимосогласительной процедуры?,-,-
"Как учреждение или орган, на которые возложено исполнение наказания, извещает суд о месте отбывания наказания осужденным?",-,-
В каких случаях налогоплательщик - участник соглашения о защите и поощрении капиталовложений может уменьшать подлежащие уплате суммы налогов?,-,-
Какие санкции могут быть применены к нарушителям положений Примерного профессионального кодекса инженеров-строителей согласно ГОСТу и СНиП?,-,-
Какое сечение проводов должно быть рассчитано при проектировании воздушной линии электропередачи на напряжение 35 кВ согласно ГОСТ МДС-80-8.2000?,-,-
Кто обязан представлять уведомления об участии в международной группе компаний?,-,-
"Какой закон РФ вносит изменения и дополнения в Закон РСФСР ""О медицинском страховании граждан в РСФСР""?",-,-
"Какое углеводородное сырье, добытое на морском месторождении углеводородного сырья, освобождается от налогообложения?",-,-
"Какой год издания у рекомендаций по проектированию, устройству и эксплуатации светопрозрачных конструкций промышленных зданий, выпущенных ЦНИИпромзданий Госстроя СССР?",-,-
Может ли принципал ссылаться на отсутствие у агента надлежащих полномочий в отношениях с третьими лицами?,-,-
Какой телефон можно использовать для получения бесплатной юридической консультации в регионах России?,-,-
"Какой штраф предусмотрен за представление странового отчета, содержащего недостоверные сведения?",-,-
Какие требования к отчетности об исполнении государственного (муниципального) задания должны быть указаны?,-,-
Как уполномоченный орган выдает заключение об исчезновении характерных условий?,-,-
Кто проводит экспертизу?,-,-
"Проводится ли предварительное судебное заседание в делах, рассматриваемых в порядке упрощенного производства?",-,-
"Какие организации могут принимать от граждан в залог движимые вещи, предназначенные для личного потребления?",-,-
В каком случае арбитражный суд может поручить другому арбитражному суду произвести определенные процессуальные действия?,-,-
Какие виды инспекционных проверок выполняются Государственной жилищной инспекцией согласно МДС 17-13.2000?,-,-
"Кто осуществляет контроль за межбюджетными субсидиями, субвенциями, трансфертами и кредитами?",-,-
Что такое «договорное потребление теплоносителя» в документе МДС 41-3.2000?,-,-
На какие расходы не распространяется данное положение?,-,-
Какие документы должны быть представлены для допуска тепловых сетей и систем теплопотребления в эксплуатацию согласно ГОСТ?,-,-
Как специалист должен действовать в качестве представителя заказчика согласно СНиП?,-,-
Какова сметная стоимость труб асбестоцементных по ГОСТ МДС 81-10.2000?,-,-
"Что грозит индивидуальным предпринимателям за нарушение обязательных требований при обращении драгоценных металлов, драгоценных камней и продукции из них?",-,-
"Какие ставки таможенных пошлин действовали согласно Указу Президента Российской Федерации ""О Временном импортном таможенном тарифе Российской Федерации""?",-,-
Какие требования к строительной климатологии и геофизике установлены СНиП 2.01.01-82?,-,-
Какие границы эксплуатационной ответственности между теплоснабжающей организацией и заказчиком должны быть указаны в технических условиях согласно СНиП?,-,-
Какую роль играет управляющий проектом в выборе и согласовании места размещения объекта по ГОСТ МДС 11-11.2000?,-,-
Какие требования предъявляются к эксплуатации теплопотребляющих установок и тепловых сетей абонентом согласно ГОСТ?,-,-
Какие финансовые показатели должны быть указаны в форме 'Опыт работы претендента по самому крупному построенному объекту сопоставимого вида и объем работы в России или за рубежом' согласно ГОСТ МДС 80-5.2000?,-,-
"Какие действия необходимо предпринять при обнаружении неисправности расположенных на крыше карнизов, водоотводящих устройств, ограждений, гильз, анкеров, устройств молниезащиты согласно ГОСТ МДС 17-13.2000?",-,-
Как уведомляется подозреваемый или обвиняемый о принятых мерах?,-,-
Какие источники информации используются для определения текущих цен на материальные ресурсы в МДС 81-14.2000?,-,-
Какие работы по утеплению зданий должны быть выполнены согласно ГОСТ МДС 13-18.2000?,-,-
"Когда не допускается раздел, перераспределение или выдел земельных участков, если сохраняемые обременения не позволяют использовать земельные участки в соответствии с разрешенным использованием?",-,-
Какова периодичность капитального ремонта металлической кровли согласно ГОСТ МДС 14-13.2000?,-,-
Какие телефоны доступны для бесплатной юридической консультации в регионах России?,-,-
"Какая информация должна быть указана в журнале учета проверки знаний норм, правил, инструкций согласно ГОСТ МДС 15-13.2000?",-,-
По каким основаниям заявитель не допускается к участию в аукционе?,-,-
В каких случаях осужденные могут содержаться в одиночных камерах?,-,-
Как проводятся повторные измерения времени падения уровня воды?,-,-
"Какое название имеет документ, регламентирующий использование текущих и прогнозных индексов стоимости при составлении сметной документации? (ГОСТ МДС 81-9.2000)",-,-
"Какие основные разделы содержит документ, регламентированный ГОСТом МДС 81-21.2000?",-,-
Какие специальные знания могут потребоваться при составлении диспаши?,-,-
Как должны быть закрыты проемы и отверстия при работе геодезиста на монтажном горизонте в СНиП 3.01.03-84?,-,-
Как переносятся затраты труда рабочих-монтажников в таблицу ресурсных сметных норм согласно ГОСТ МДС 81-13.2000?,-,-
"Кто может рассматривать дела об административных правонарушениях от имени органов, осуществляющих контроль в сфере естественных монополий?",-,-
Какие виды технического обслуживания и ремонта предусмотрены для кранов башенных с грузовым моментом до 25 тм согласно ТИПОВЫМ НОРМАМ?,-,-
"Какие работы необходимо выполнить для подготовки систем горячего водоснабжения, согласно ГОСТ МДС 13-18.2000?",-,-
"Что происходит, если обеспеченное обязательство было изменено без согласия поручителя?",-,-
Какие методы могут использоваться для построения геодезических сетей сгущения согласно СНиП 3.01.03-84?,-,-
"При каких обстоятельствах прекращается обязанность по уплате ввозных таможенных пошлин, налогов, специальных, антидемпинговых, компенсационных пошлин в отношении иностранных товаров, перемещаемых трубопроводным транспортом, согласно статье 295?",-,-
Какие методы используются для проверки прямолинейности оси труб в горизонтальной плоскости согласно СНиП 3.01.03-84?,-,-
Как и когда уплачиваются авансовые платежи и налог?,-,-
Какие данные должны быть указаны в определении судебной коллегии Верховного Суда Российской Федерации?,-,-
Какие действия предпринимаются при выявлении дефектов в ходе технического осмотра согласно ГОСТ МДС 14-13.2000?,-,-
Какие расходы по уплате налога на содержание жилищного фонда и объектов социально-культурной сферы относятся на финансовые результаты деятельности предприятий согласно ГОСТ МДС 81-23.2000?,-,-
Что предусмотрено частью 2 статьи 20.2 КоАП РФ?,-,-
Как можно обжаловать решение арбитражного суда первой инстанции в апелляционную инстанцию?,-,-
Кто уполномочен проводить расследование аварий и инцидентов на море?,-,-
Какие требования предъявляются к допросу обвиняемого?,-,-
"Что такое ""лабиринт"" в контексте ГОСТ МДС 35-7.2000?",-,-
Что такое оборудование негабаритное (крупногабаритное) согласно Указаниям по применению федеральных единичных расценок на монтаж оборудования (ФЕРм-2001)?,-,-
Какая схема нормативно-правового регулирования строительства (услуг) приведена в Приложении 3 согласно ГОСТ МДС-80-8.2000?,-,-
Что считается контрафактными товарами?,-,-
Что включает в себя общий технический осмотр согласно ГОСТ МДС 14-13.2000?,-,-
Какой документ регулирует порядок определения плательщиков специального налога?,-,-
Какие требования к размерам самонесущих элементов зенитных фонарей согласно ГОСТ МДС 31-8.2002?,-,-
Какие проценты предусмотрены для разработки вариантов проектных решений отдельных элементов зданий? (СНиП),-,-
Какие данные должны быть занесены в удостоверение о проверке знаний на первой странице согласно ГОСТ МДС 15-13.2000?,-,-
Как определяется стоимость оборудования при отсутствии укрупненных нормативов или объектов-аналогов?,-,-
Какой СНиП устанавливает требования для строительной теплотехники?,-,-
Какие объекты включены в Главу 4 Справочника? (Объекты образования и дошкольных учреждений),-,-
"Какие требования предъявляются к пределу огнестойкости ограждающих стен и конструкций пристройки, согласно ГОСТ или СНиП?",-,-
Какое состояние должна иметь водопроводно-канализационная система согласно ГОСТ МДС 13-18.2000?,-,-
"Как определяется стоимость блок-секций, разрабатываемых на основе базовой блок-секции? (с коэффициентом до 0,7)",-,-
Какие требования к определению модуля силиката натрия указаны в СНиП 3.02.01-83?,-,-
При каких условиях может быть назначено принудительное лечение в стационарных условиях общего типа?,-,-
Какие документы должны быть приложены к административному исковому заявлению?,-,-
Какой СНиП документа регулирует учет налогов в сметной документации на строительство?,-,-
Кто обязан возмещать убытки согласно пункту 8 статьи 57.1?,-,-
Какие данные используются для определения стоимости строительства общественных зданий согласно ГОСТ?,-,-
Какие действия может совершать председатель правления без одобрения правления или общего собрания?,-,-
Какие обязанности возлагаются на теплоснабжающую организацию в случае запроса абонента на результаты расчетов? (п. 44),-,-
Что представляют собой платежи по договорам добровольного личного страхования?,-,-
Какие ГОСТы или СНиПы регламентируют сметные нормы и расценки на строительные работы (СНиР-91)?,-,-
Какие неисправности котлов и оборудования должны быть устранены согласно ГОСТ МДС 13-18.2000?,-,-
Какой код материала-представителя используется для устройства компенсаторных ниш согласно ГОСТ?,-,-
Кто имеет право на полное освобождение от уплаты налога на приобретение автотранспортных средств согласно ГОСТ МДС 81-23.2000?,-,-
Какую шкалу ареометра следует использовать при навернутом объемном грузе согласно ГОСТ (к СНиП 3.02.01-83)?,-,-
Какие документы и соглашения могут влиять на установление размера платы за наем жилого помещения?,-,-
Какой ГОСТ или СНиП регулирует расчет стоимости строительства в базисном уровне цен?,-,-
"Что грозит за непредставление оператором связи, собственником или иным владельцем технологической сети связи, имеющими уникальный идентификатор совокупности средств связи и иных технических средств в информационно-телекоммуникационной сети ""Интернет"", информации, представление которой предусмотрено Федеральным законом от 7 июля 2003 года N 126-ФЗ ""О связи""?",-,-
Что такое обезжиривание согласно Указаниям по применению федеральных единичных расценок на монтаж оборудования (ФЕРм-2001)?,-,-
Как формируются ресурсно-технологические модели (РТМ)?,-,-
Какова периодичность капитального ремонта металлических ферм согласно ГОСТ МДС 14-13.2000?,-,-
Кто может входить в группу ОГП по СНиП 3.01.03-84?,-,-
Как действует гексаметафосфат натрия на глинистый раствор и цементные растворы согласно ГОСТ (к СНиП 3.02.01-83)?,-,-
"Кто утверждает формы бланков исполнительных листов и порядок их изготовления, учета, хранения и уничтожения?",-,-
"Какое наказание предусмотрено за регистрацию заведомо незаконных сделок с недвижимым имуществом, умышленное искажение сведений государственного кадастра недвижимости и (или) Единого государственного реестра прав на недвижимое имущество и сделок с ним, а равно занижение кадастровой стоимости объектов недвижимости?",-,-
Какие телефоны доступны для бесплатной юридической консультации в Санкт-Петербурге и Ленинградской области?,-,-
Какие элементы должны быть показаны на плане благоустройства согласно ГОСТ МДС 11-7.2000?,-,-
"Как устанавливается порядок мониторинга разработки и утверждения программ комплексного развития систем коммунальной, транспортной и социальной инфраструктуры?",-,-
В какой очередности переносятся убытки на будущие налоговые периоды?,-,-
"Какие ГОСТы или СНиПы регулируют проектирование комплексных приемных пунктов, включая парикмахерские и другие виды бытовых услуг?",-,-
Какой предел огнестойкости должен быть у кровельного покрытия согласно ГОСТ МДС-80-8.2000?,-,-
"Какие каналы массовой рекламы непригодны для маркетинга проектной продукции, согласно ГОСТ МДС 11-11.2000?",-,-
Какие нормативные документы и методические указания перечислены в ГОСТ МДС 81-30.2002 для расчета стоимости дорожных работ?,-,-
"Какие коэффициенты применяются к затратам на демонтаж легковесного и габаритного оборудования, не подлежащего дальнейшему использованию, с разборкой и резкой на части согласно Указаниям по применению ФЕРм-2001?",-,-
Какие виды экспертизы могут быть проведены и что они включают?,-,-
Какие требования должны быть отражены в инструкциях по охране труда согласно ГОСТ?,-,-
Какие права имеет осужденный к смертной казни?,-,-
Какие меры предупреждают отклонения инъекторов и скважин от проектного направления согласно ГОСТ (к СНиП 3.02.01-83)?,-,-
Какие примеры заполнения ведомости объемов грунта приведены в СНиПе?,-,-
"Как исчисляется и уплачивается налог на доходы, полученные в виде дивидендов по акциям российских организаций?",-,-
Какой стандарт (ГОСТ) регламентирует площадь мозаичных полов?,-,-
Какие телефоны доступны для бесплатной юридической консультации в Москве и Московской области?,-,-
Как вручаются судебные извещения через дипломатические каналы?,-,-
Что должно содержать решение о порядке следования осужденного к месту отбывания наказания в случае назначения ему отбывания лишения свободы в колонии-поселении в резолютивной части обвинительного приговора?,-,-
"Кто определяет места отбывания исправительных работ для осужденных, не имеющих основного места работы?",-,-
Как регулируется оборот земельных участков?,-,-
"Как можно предотвратить самовольное использование товарного знака, фирменного наименования или марки проектной продукции конкурента согласно ГОСТ МДС 80-2.2000?",-,-
Какая ставка сбора установлена за прочие объекты водных биологических ресурсов?,-,-
Какие задачи входит в область обеспечения проектно-сметной документацией согласно СНиП?,-,-
С какого момента считается исполненным договор розничной купли-продажи товара по образцам?,-,-
Какие нормативы затрат установлены для создания произведений скульптуры и монументально-декоративной живописи?,-,-
Какие телефоны можно использовать для бесплатной юридической консультации в Санкт-Петербурге и Ленинградской области?,-,-
Какие элементы входят в стоимостной блок РТМ согласно СНиП?,-,-
"Что происходит, если участники не явились в заседание после перерыва?",-,-
Какие элементы включаются в комплексы упражнений подготовительных занятий для инвалидов по ГОСТ МДС 35-7.2000?,-,-
Какие данные из технического журнала используются для составления дефектных ведомостей по МДС 14-13.2000?,-,-
Какой телефон указан для бесплатной юридической консультации в регионах РФ?,-,-
"Как учитываются доходы, связанные с операциями РЕПО по ценным бумагам, являющимся объектом операций займа?",-,-
Какие цели преследуются при технических осмотрах согласно МДС 14-13.2000?,-,-
Какие индексы указаны в таблице 1 для накладных расходов в строительстве?,-,-
Кто представляет казначейскую отчетность в Министерство финансов Российской Федерации?,-,-
Какие основные положения описаны в разделе 1.1 ГОСТ МДС 80-3.2000?,-,-
Какие данные используются при определении затрат на приобретение основного и вспомогательного оборудования?,-,-
Какие особенности определения налоговой базы могут быть установлены?,-,-
Какие сведения могут запрашивать представители работников у работодателя по вопросам введения технологических изменений?,-,-
Что означает пункт 11 в перечне операций с подакцизными товарами?,-,-
Как проводятся общественные обсуждения или публичные слушания по проекту решения о предоставлении разрешения на условно разрешенный вид использования земельного участка?,-,-
"Какой документ определяет, что отчисления включаются в себестоимость продукции (работ, услуг)?",-,-
Что происходит с сроком действия трудового договора при переводе на должность научного работника в результате избрания по конкурсу?,-,-
"Какие условия содержания предусмотрены для осужденных к смертной казни, в отношении которых приговор суда вступил в законную силу, но вопрос о помиловании не решен?",-,-
Какова средняя площадь квартир в 24-квартирном индивидуальном проекте повторного применения?,-,-
"Какие административные правонарушения может рассматривать федеральный орган исполнительной власти, осуществляющий функции по контролю и надзору в финансово-бюджетной сфере, согласно статье 23.7?",-,-
"Какие требования предъявляет ГОСТ МДС 17-13.2000 к утеплению трубопроводов, наличию или неисправности освещения продухов?",-,-
Что такое совокупность преступлений согласно статье 17 Уголовного кодекса РФ?,-,-
Какое значение коэффициента принимается до начала применения налоговой ставки налога на прибыль организаций?,-,-
Какие коэффициенты разрабатываются для учета изменений условий производства работ согласно ГОСТ МДС 81-10.2000?,-,-
Как рассчитываются индексы цен на строительно-монтажные работы согласно ГОСТу?,-,-
Какая стоимостная оценка в базисном уровне (на 01.01.91) указана для электроконструкций в ГОСТ?,-,-
Какие доказательства могут быть исследованы при рассмотрении материалов налоговой проверки?,-,-
Какое решение о разработке проектной документации в сокращенном объеме должно быть включено в задание?,-,-
Какие меры предпринимаются в случае повреждения каналов связи?,-,-
Какой индекс изменения стоимости СМР был в Брянской области в IV кв. 1992 г. по сравнению с базисным уровнем на 01.01.91 согласно МДС 81-9.2000?,-,-
Какова стоимость строительных работ в II квартале 1993 года в текущем уровне цен?,-,-
Какие ГОСТы или СНиПы регулируют проектирование площадок для волейбола?,-,-
Каким образом крепятся элементы светопропускающего заполнения к опорным конструкциям согласно ГОСТ МДС 31-8.2002?,-,-
"Какой период просрочки исполнения обязательства, обеспеченного залогом, считается допустимым?",-,-
"Что происходит с затонувшим имуществом, если владелец отказывается от своих прав?",-,-
Что такое земли сельскохозяйственного назначения?,-,-
Какой способ выполнения работ по капитальному ремонту рекомендует ГОСТ МДС 14-13.2000?,-,-
Какие законы Российской Федерации устанавливают состав земель поселений?,-,-
"Какие правила применяются к правам на исполнение, созданное в пределах установленных для работника (исполнителя) трудовых обязанностей?",-,-
Какие элементы должны быть показаны на схеме транспорта для городов с расчетной численностью населения 500 тысяч человек и более согласно ГОСТ МДС 11-7.2000?,-,-
Какие коэффициенты применяются при демонтаже сборных деревянных конструкций?,-,-
Какие технические характеристики и допуски для метода створных наблюдений приведены в СНиП 3.01.03-84?,-,-
"Что означает, что решение суда первой инстанции может быть изменено или отменено, если нарушение привело или могло привести к принятию неправильного решения?",-,-
"Допускается ли укрупнение номенклатуры при составлении сводного расчета затрат российских организаций в смешанных ценах, согласно ГОСТ МДС 81-21.2000?",-,-
Могут ли органы государственной власти субъектов РФ устанавливать более высокие размеры районных коэффициентов?,-,-
"Когда не признается реализацией товаров, работ или услуг?",-,-
Какие требования предъявляются к точности разбивки длин сторон опорного контура и измерению углов и линий согласно СНиП 3.01.03-84?,-,-
Какие задачи ставит перед собой руководство проектной организации при формировании антимонопольных воздействий согласно ГОСТ МДС 80-2.2000?,-,-
Какие лица могут участвовать в судебном заседании через веб-конференцию?,-,-
В какой форме выдается судебный приказ?,-,-
Какие товары приобретают статус товаров Союза после помещения под таможенную процедуру реимпорта?,-,-
Какие действия должен выполнять заказчик-застройщик в части передачи оборудования и материалов в монтаж?,-,-
Какие требования предъявляются к монтажу зенитных фонарей со светопропускающими элементами из листового стекла или стеклопакетов без установленных в световом проеме защитных металлических сеток согласно ГОСТ МДС 31-8.2002?,-,-
Что грозит за установку на передней части транспортного средства световых приборов с огнями красного цвета?,-,-
"Какую дополнительную информацию о претенденте следует указывать в форме 'Наименование организации, фирмы, консорциума' согласно ГОСТ МДС 80-5.2000?",-,-
Какие действия предпринимают финансовые органы для установления порядка составления бюджетной отчетности?,-,-
Какой телефон можно использовать для бесплатной юридической консультации в регионах РФ?,-,-
В каком виде выдается судебный приказ?,-,-
Какие требования к фрагментам бортов ванн согласно ГОСТ МДС 35-7.2000?,-,-
Что должен делать правообладатель в случае изменения сведений о себе?,-,-
Какие стадии проектирования указаны для крытых тиров для пуевой стрельбы согласно СНиП?,-,-
Как заключаются соглашения для социально-экономического развития поселений?,-,-
Какие расходы не учитываются при определении налоговой базы клиринговых организаций?,-,-
"Какие действия должен предпринять перевозчик, если груз был принят для перевозки после наступления срока прекращения обязательного приема груза?",-,-
Какие виды геодезического контроля проводятся согласно СНиП 3.01.03-84?,-,-
"Что происходит, если банк несвоевременно зачисляет или списывает средства?",-,-
Могут ли клиринговые организации быть участниками консолидированной группы налогоплательщиков?,-,-
"Какое наказание предусмотрено за незаконное получение сведений, составляющих государственную тайну?",-,-
Какая фирма представлена в списке основных характеристик изделий?,-,-
Какие требования к травмобезопасности комплексных игровых площадок указаны в ГОСТ МДС 35-7.2000?,-,-
"Какое название имеет документ, регламентирующий проектирование и устройство фонарей для естественного освещения помещений согласно ГОСТ МДС 31-8.2002?",-,-
Какие требования предъявляет ГОСТ МДС 35-7.2000 к проектированию висячего моста?,-,-
"Какие действия следует предпринять при обнаружении сквозных и волосных трещин согласно ТП-70 С., СНиП II-22-81, СНиП 2.03.01-84*?",-,-
Какие инвестиции не учитываются при расчете численности аппарата заказчика-застройщика согласно ГОСТ МДС 81-7.2000?,-,-
Как закладывают контрольные знаки перед началом бетонирования и подъема опалубки? (СНиП 3.01.03-84),-,-
Какие данные должны быть указаны в графе 'УТВЕРЖДЕНИЕ'?,-,-
Кто имеет право на вознаграждение в соответствии с абзацем третьим пункта 2 статьи 1295?,-,-
Какой ГОСТ или СНиП определяет методику расчета трудоемкости АУП?,-,-
Какой индекс изоляции воздушного шума (JB) должен быть согласно ГОСТ МДС-80-8.2000?,-,-
Какие требования к цветовым решениям для предотвращения чрезмерной яркости зон отдыха указаны в ГОСТ МДС 35-7.2000?,-,-
Как определяется прибыль (убыток) от реализации или выбытия амортизируемого имущества?,-,-
Как контролируется перенесение разбивочных осей в натуру согласно СНиП 3.01.03-84?,-,-
Какие основные данные должны быть включены в годовой план капитального ремонта согласно ГОСТ МДС 14-13.2000?,-,-
"Какие изменения внесены в Закон ""Об акцизах"" в статье 3, пункте 2?",-,-
Какие индексы указаны в таблице 1 для отчислений на социальные нужды?,-,-
Какие категории земель городов и других поселений указаны в ГОСТ МДС 11-7.2000?,-,-
Какое согласие требуется для избрания меры пресечения в виде заключения под стражу в отношении судьи Конституционного Суда Российской Федерации?,-,-
Какие картографические и справочные материалы результатов инженерных изысканий и исследований должны содержаться в исходной информации согласно ГОСТ МДС 11-7.2000?,-,-
Какая единица измерения используется для разработки норм согласно ГОСТ МДС 81-13.2000?,-,-
"Какие работы по заделке выбоин в цементных, бетонных и асфальтовых полах предусмотрены в ГОСТ МДС 14-13.2000?",-,-
"Используется ли сметная стоимость по объемам работ, выполняемым иностранными firmами, при определении сметной стоимости строительства в смешанных ценах?",-,-
Какие иные документы и материалы могут быть представлены?,-,-
"Какой штраф предусмотрен для юридических лиц за непредставление или несвоевременное представление данных, позволяющих идентифицировать владельца программно-аппаратных средств доступа к информационным ресурсам, информационно-телекоммуникационным сетям, доступ к которым ограничен?",-,-
Как проверяется внешний облик построенного или реконструированного объекта?,-,-
Как часто следует проверять горизонтальность рядов кладки согласно СНиП 3.01.03-84?,-,-
Когда автор считается согласившимся на обнародование произведения?,-,-
Какие документы должны быть представлены для вычета акциза при использовании стали жидкой для производства продуктов металлургического производства?,-,-
"Что влечет наложение административного штрафа в размере от одной тысячи пятисот до двух тысяч пятисот рублей с конфискацией форменной одежды, знаков различия, символики государственных военизированных организаций, правоохранительных или контролирующих органов согласно части 2 статьи 17.12?",-,-
Какие условия позволяют уполномоченным экономическим операторам выпускать товары до подачи декларации?,-,-
Какие требования к модульной конструкции зенитных фонарей согласно ГОСТ МДС 31-8.2002?,-,-
Какие нормативы отчислений установлены для налога на имущество физических лиц в бюджетах городских округов с внутригородским делением?,-,-
В каких случаях может быть вынесено ходатайство об ограничении профессиональной деятельности специалиста согласно СНиП?,-,-
Как исчисляется срок обязательных работ?,-,-
"Как заполняется раздел 1 сводного сметного расчета при строительстве, осуществляемом в полном объеме силами и средствами иностранной firmы?",-,-
В каких случаях комиссионер может отступить от указаний комитента?,-,-
Какие действия запрещены в процессе эксплуатации согласно ГОСТ МДС 17-13.2000?,-,-
"Какие тарифы страховых взносов применяются для плательщиков, указанных в подпунктах 5-9 пункта 1 статьи?",-,-
Какие данные о относительной просадочности просадочных лессовых грунтов необходимы для проектирования инъекционного химзакрепления согласно СНиП 3.02.01-83?,-,-
Какие данные представлены в столбце 'Генплан и транспорт' для санитарно-защитных зон в таблице 28 согласно СНиП?,-,-
"Какие субсидии могут предоставляться юридическим лицам, являющимся стороной концессионных соглашений?",-,-
Какие ограничения могут препятствовать завершению строительства объектов незавершенного строительства?,-,-
В каких случаях доказательство может быть признано недопустимым?,-,-
Как долго может длиться экспертиза оферт?,-,-
"Какое право применяется, если между сторонами обязательства не заключено соглашение о праве, подлежащем применению?",-,-
"Какие дела об административных правонарушениях рассматривает федеральный орган исполнительной власти, осуществляющий функции в сфере деятельности войск национальной гвардии Российской Федерации?",-,-
Какие меры предусмотрены для обеспечения температурно-влажностного режима подвальных помещений согласно ГОСТ МДС 13-18.2000?,-,-
"Что происходит, если сторона анализируемой сделки не отвечает требованиям для сопоставления?",-,-
Какова максимальная влажность древесины должна быть согласно ГОСТ МДС 17-13.2000?,-,-
Какие сведения должны быть указаны в исковом заявлении?,-,-
Какие нарушения относятся к категории «В» согласно ГОСТ МДС 17-13.2000?,-,-
"Что означает знак 3.33 ""Движение транспортных средств с взрывчатыми и легковоспламеняющимися грузами запрещено""?",-,-
"Какие документы должны быть приложены к информации, предоставляемой налогоплательщиком?",-,-
"Какие статьи КоАП рассматривают судьи районных судов, согласно пункту 4 статьи 23.1?",-,-
Какие действия рекомендуется проводить для сопоставления расценок на эксплуатацию строительных машин и тарифов на транспортные услуги согласно ГОСТ МДС 81-9.2000?,-,-
Какова стоимость комментариев к статьям на сайте https://nkodeksrf.ru/ для организаций?,-,-
"Какие действия предпринимаются при невыполнении обязанностей по сносу самовольной постройки или ее приведению в соответствие с требованиями на земельном участке, не приобретенном иным лицом на публичных торгах?",-,-
